{
    "affinity_pred_value": 0.2113943248987198,
    "affinity_probability_binary": 0.8769004344940186,
    "affinity_pred_value1": 0.4481837749481201,
    "affinity_probability_binary1": 0.952015221118927,
    "affinity_pred_value2": -0.025395136326551437,
    "affinity_probability_binary2": 0.8017855882644653
}