{
    "confidence_score": 0.9616867303848267,
    "ptm": 0.9662005305290222,
    "iptm": 0.9607741832733154,
    "ligand_iptm": 0.9607741832733154,
    "protein_iptm": 0.0,
    "complex_plddt": 0.9619147777557373,
    "complex_iplddt": 0.9559381008148193,
    "complex_pde": 0.33376723527908325,
    "complex_ipde": 0.4567314088344574,
    "chains_ptm": {
        "0": 0.969167172908783,
        "1": 0.9261512160301208
    },
    "pair_chains_iptm": {
        "0": {
            "0": 0.969167172908783,
            "1": 0.8061510920524597
        },
        "1": {
            "0": 0.9607741832733154,
            "1": 0.9261512160301208
        }
    }
}