{
    "affinity_pred_value": 0.15052297711372375,
    "affinity_probability_binary": 0.9265631437301636,
    "affinity_pred_value1": 0.3452390432357788,
    "affinity_probability_binary1": 0.9941293001174927,
    "affinity_pred_value2": -0.044193085283041,
    "affinity_probability_binary2": 0.8589969873428345
}