{
    "confidence_score": 0.980492115020752,
    "ptm": 0.9805819988250732,
    "iptm": 0.9750039577484131,
    "ligand_iptm": 0.9750039577484131,
    "protein_iptm": 0.0,
    "complex_plddt": 0.9818641543388367,
    "complex_iplddt": 0.9698068499565125,
    "complex_pde": 0.2900872230529785,
    "complex_ipde": 0.3685143291950226,
    "chains_ptm": {
        "0": 0.9829489588737488,
        "1": 0.9469816088676453
    },
    "pair_chains_iptm": {
        "0": {
            "0": 0.9829489588737488,
            "1": 0.838641345500946
        },
        "1": {
            "0": 0.9750039577484131,
            "1": 0.9469816088676453
        }
    }
}